0,1
000,2
1,3
10,4
11,5
12,6
13,7
14,8
1430438400,9
1430524799,10
1491,11
1952,12
2,13
20,14
2014,15
2015,16
20150501,17
20150502,18
2017,19
2018,20
20180501t070348z,21
20180501t070927z,22
2019,23
20191013t140443,24
2020,25
22,26
23,27
26,28
30,29
50,30
6,31
9,32
900,33
980,34
a,35
academi,36
achiev,37
act,38
aditi,39
admiss,40
advanc,41
aim,42
alexand,43
alexandru,44
algorithm,45
all,46
almaden,47
alumni,48
amari,49
amazon,50
an,51
analyz,52
and,53
andi,54
app,55
appli,56
applic,57
approach,58
approxim,59
april,60
arash,61
architectur,62
are,63
area,64
arena,65
articl,66
as,67
at,68
attend,69
autograv,70
award,71
away,72
background,73
baldi,74
be,75
becaus,76
been,77
begin,78
behind,79
big,80
bioinformat,81
biolog,82
blown,83
both,84
braunschweig,85
bren,86
bring,87
browser,88
build,89
buy,90
by,91
c,92
caldesc,93
california,94
calnam,95
calscal,96
can,97
candid,98
capabl,99
car,100
career,101
carey,102
categori,103
center,104
challeng,105
chanc,106
chancellor,107
chip,108
circadian,109
classic,110
club,111
cmtc,112
coast,113
collabor,114
colleg,115
come,116
common,117
compel,118
complement,119
complet,120
complex,121
comput,122
concert,123
connect,124
consult,125
consumpt,126
contact,127
control,128
counti,129
coursework,130
creat,131
cs,132
current,133
danish,134
data,135
databas,136
date,137
dealership,138
deep,139
degre,140
depart,141
describ,142
descript,143
design,144
detail,145
detect,146
develop,147
diego,148
digit,149
disabl,150
discuss,151
diseas,152
distinguish,153
divers,154
do,155
doctor,156
donald,157
doubt,158
dtend,159
dtstamp,160
dtstart,161
dutt,162
earli,163
ecpv4,164
edg,165
edu,166
edward,167
elect,168
electr,169
en,170
encompass,171
end,172
energi,173
engag,174
engin,175
english,176
equip,177
esport,178
even,179
event,180
exampl,181
explor,182
expos,183
face,184
factori,185
faculti,186
fadi,187
famili,188
featur,189
feedback,190
fellowship,191
field,192
financ,193
find,194
finish,195
first,196
for,197
foreign,198
format,199
found,200
foundat,201
four,202
freshman,203
from,204
full,205
fun,206
fund,207
gener,208
geograph,209
geometr,210
german,211
give,212
global,213
good,214
goodrich,215
googl,216
got,217
grad,218
graduat,219
grant,220
great,221
gregorian,222
grfp,223
group,224
guangzhou,225
ha,226
had,227
hardwar,228
have,229
he,230
health,231
held,232
help,233
her,234
here,235
hi,236
high,237
highli,238
hinrich,239
holist,240
host,241
http,242
hype,243
ibm,244
ic,245
if,246
imag,247
impact,248
in,249
increas,250
inform,251
informat,252
innov,253
insight,254
institut,255
intel,256
interview,257
into,258
investig,259
io,260
irvin,261
is,262
issu,263
it,264
javascript,265
job,266
johnni,267
join,268
journey,269
justin,270
ke,271
keep,272
kevin,273
key,274
knowledg,275
kurdahi,276
lab,277
last,278
lead,279
leader,280
leav,281
lectur,282
lender,283
let,284
letter,285
lewi,286
lift,287
like,288
linkedin,289
littl,290
ll,291
lok,292
magazin,293
major,294
majumd,295
mani,296
manufactur,297
martin,298
mass,299
master,300
mathemat,301
may,302
mcdonald,303
mehrotra,304
mekhitarian,305
member,306
method,307
methodolog,308
michael,309
million,310
minor,311
minut,312
modern,313
modifi,314
mohan,315
monitor,316
more,317
motto,318
move,319
munich,320
n,321
nabili,322
nation,323
nativ,324
network,325
neural,326
never,327
new,328
news,329
newsql,330
next,331
nhost,332
nichola,333
nicolau,334
night,335
nih,336
nikil,337
no,338
nonsgml,339
nosql,340
novemb,341
now,342
nsf,343
ntitl,344
oc,345
of,346
offer,347
on,348
open,349
opencv,350
opportun,351
optim,352
or,353
orang,354
origin,355
oscil,356
page,357
parallel,358
particular,359
pdf,360
peopl,361
perform,362
perhap,363
person,364
ph.d,365
pierr,366
platform,367
polici,368
posit,369
potenti,370
power,371
present,372
presid,373
previou,374
princip,375
privaci,376
process,377
prodid,378
professor,379
program,380
progress,381
project,382
publish,383
put,384
quickli,385
read,386
readi,387
realiti,388
receiv,389
recent,390
recogn,391
recognit,392
recruit,393
regent,394
region,395
requir,396
research,397
revolution,398
rhythm,399
robot,400
role,401
royal,402
run,403
s,404
sajjad,405
sajjadi,406
samantha,407
san,408
santiago,409
say,410
school,411
scienc,412
scientist,413
seattl,414
secur,415
see,416
select,417
seminar,418
senior,419
sensor,420
serg,421
seri,422
sever,423
sharad,424
shari,425
showcas,426
sinc,427
softwar,428
someth,429
speaker,430
spoke,431
spotlight,432
spring,433
start,434
startup,435
statu,436
stay,437
stellman,438
stem,439
step,440
stori,441
strength,442
student,443
subtract,444
success,445
such,446
summari,447
support,448
surpass,449
system,450
taheri,451
tear,452
technic,453
technolog,454
temperatur,455
that,456
the,457
their,458
these,459
they,460
thi,461
third,462
threat,463
three,464
through,465
throughout,466
tight,467
time,468
to,469
tool,470
track,471
train,472
transit,473
translat,474
trend,475
tri,476
troubl,477
turpin,478
two,479
uc,480
uci,481
uid,482
undeclar,483
undergradu,484
underrepres,485
univers,486
up,487
url,488
us,489
use,490
user,491
v1,492
valu,493
variou,494
vartanov,495
vcalendar,496
veidenbaum,497
veri,498
version,499
veteran,500
vevent,501
video,502
virtual,503
vision,504
visit,505
vr,506
vrcade,507
vrdc,508
wa,509
watch,510
wear,511
web,512
well,513
were,514
what,515
where,516
which,517
who,518
will,519
winter,520
with,521
within,522
women,523
work,524
workforc,525
world,526
wr,527
www,528
x,529
you,530
zarat,531
zijia,532
